entity_id,raw_id,record_hash,ingestion_timestamp
Afghanistan,4,db3d93ab23c7eaaefd2b8268bb87fe492e9dbaa2da2835e2c8f3cb964b705779,2025-03-30 20:03:40.369
Albania,301,175d2f411dca65eb01b3afe04be2ddf903eff46b95c1543ee10b908ae04dce8d,2025-03-30 20:03:41.026
Algeria,401,3dee596b64f372d491ccbd49d6d10de194f51c1bda861dada0acbdee2191ff58,2025-03-30 20:03:41.983
Andorra,5,cd961ced930bd9c3708e58e35c2d9874b7a6c3cdfdcfd1c2a46d790b90c4b641,2025-03-30 20:03:42.989
Angola,6,e71386c9baf0ef8e5148bc8d332d6f8534d7d4088a9c51166822801eb3598c34,2025-03-30 20:03:43.688
Anguilla,104,a2dcde5a507d17ac3ffd96f73f91fc769e26c07331e32f0b97d9c5f88327b6b4,2025-03-30 20:03:44.568
Antigua and Barbuda,105,1b349f79a23ca4e60c4b6f00ae6ffc703bce55c76c6828da73575aa1b29b89e3,2025-03-30 20:03:45.769
Argentina,106,ea79f80d79d1a991b6567b5aedcad0fad08ad77ac703d2d74df4850756fe62b4,2025-03-30 20:03:46.623
Armenia,107,41dd5678c89bea9833e0014945e33a6e0f3a80e2906a0d3d7607ffe239ac20cc,2025-03-30 20:03:47.371
Aruba,7,a99d592380c66f83270c4f67c1786d084eda3702b4e1e61d8dc4ef3b2e0ce5f3,2025-03-30 20:03:48.226
Australia,302,f4040f8842dfae72f63cbbfd9b7930407e5a05811cd05bd765747afaea1b23de,2025-03-30 20:03:49.051
Austria,402,a8651d21cf1b836e78b73761acbff4c9e591cfadf4b0039bbf766a11feba82d4,2025-03-30 20:03:49.621
Azerbaijan,108,c7e645034a8e859d3e0562fe38f917b0111c2e0e254979830f1edc0169c936cf,2025-03-30 20:03:50.247
Bahamas,109,5a574537cf4d96f73090b77e888db73e96ceb3fe35431add01db3060e28f795a,2025-03-30 20:03:51.003
Bahrain,205,a7166f893550c8151c18def7517db7611685886aca208145fef7c33d579906fe,2025-03-30 20:03:51.608
Bangladesh,303,4e9877a3f44be102d015d281a0add720d193dd033fafca3fc00cb30c5c3818ce,2025-03-30 20:03:52.286
Barbados,403,ddaa71902f8d57241fa7c23108ae57e3058a7c9e95e4f5f88372b8b4a80e273f,2025-03-30 20:03:52.877
Belarus,110,227c0b127b970f17c8aa1f6c66687fc94726e3742433575106b1e3e589db3811,2025-03-30 20:03:53.757
Belgium,206,a150c00db48110b7172fcfc7d2b90ab9bd96ca155b6da170ba7d14dbb25604db,2025-03-30 20:03:54.600
Belize,8,e02faa4d3c5714ac5833d01d6a1d778d32b7559d4e319c80363bae97216ad1ef,2025-03-30 20:03:55.812
Benin,404,cefa46e5182d39a79b09bc95736875b4b40b69bde4c93e87ad3216cc3bc38887,2025-03-30 20:03:56.497
Bermuda,111,d2fa310a18b8e64748f34e7ccbfa77d88207653e912f9525841348091592d2ab,2025-03-30 20:03:57.032
Bhutan,207,d962d8d846d4c1d9671891f7c684fa0496db109052db379c6a312bd37835bbc6,2025-03-30 20:03:57.709
Bolivia,9,2473fee499de50cc05dfc9ba9edc7995bfd2d2a57b44ad9d795a6cc9d928255f,2025-03-30 20:03:58.324
Bosnia,304,d7beeda0727f8ddefb7b7c9a5e99eb9da727320866556064b1f4d048cc58ff98,2025-03-30 20:03:58.944
Botswana,405,e600e502772fc38a776cb58339c36e81d553dcf1efcb5b789fb35ca3fc7383cf,2025-03-30 20:03:59.636
Brazil,112,16272cfae1724e60fb7b486866b75bc837f9ca06892550725d690fc3d0810c54,2025-03-30 20:04:00.279
British Virgin Islands,208,0407df4ee865167128c0a22a2bb1a6dfe922b4f39dd1953150f8ff4b725b36e5,2025-03-30 20:04:00.940
Brunei,113,eed6d238d528b8f5288b2b8a9f5a04ba4bfecdc0ce70e16950ed62784f95821c,2025-03-30 20:04:01.927
Bulgaria,305,f7b8e7e0ed5389d479e36ece05ef17c4f7e0439d84e1a239ba14363492e9b6d4,2025-03-30 20:04:02.885
Burkina Faso,209,f72667580307656764e3eddcf63b70609c96400cbc74722ca27d85f7a5bd2392,2025-03-30 20:04:03.481
Burundi,10,b3ada1be93626794cfddf028d4e41cb45b8b1ec303452f11d7e1f51919dd5ffa,2025-03-30 20:04:04.088
Cabo Verde,406,466e77571eb805eba12727ec82027ce25d80c37f0b898f2533b72d8633ee47b8,2025-03-30 20:04:04.790
Cambodia,114,1dd068b941e5544db11fec1a0c5e4e432499d21b0d532a1015b43dcab6848d25,2025-03-30 20:04:05.571
Cameroon,210,5d632141b5aba41cfc0dde8b60d0b3db8f77ce42acae2a18acf935cc4e712e41,2025-03-30 20:04:06.611
Canada,306,cbfec087849f7741cc3d790c39f2758f4c5b4cf18530da07c2f51c9e08cd9479,2025-03-30 20:04:07.187
Caribbean Netherlands,211,7411c41a2a07529481548468e56b5937aeff86727a857977b80ca44ffbd6aca0,2025-03-30 20:04:07.894
Cayman Islands,11,8a6696235ff6c84f10f426e68a940be313bf3895473e50342dea2940cb5747ea,2025-03-30 20:04:08.470
Central African Republic,115,d01feab52a1c307ea2fd0a485f6d9466b24b93453dd0fd35d999210dc647f34e,2025-03-30 20:04:09.059
Chad,407,57eab74fe6577e70f01bc34aa3bf4029db6ef32fa0389f20a92bb4d7445fffb7,2025-03-30 20:04:09.965
Channel Islands,212,bdba568a808e3c9efd4447caa6f3aff17d4742b080289ce94976ab6071c1adfa,2025-03-30 20:04:10.642
Chile,116,d263dc512dd288afef49f68fa2409ce5d99a0e3c8a195b8bc548fa392e431dc0,2025-03-30 20:04:11.470
China,213,652bf7e0abe688acdf5824611d55fd6f2a52e0501ace8f16ce413bfa691105bf,2025-03-30 20:04:12.210
Colombia,408,0472514fb3c3b74806ebe1e4a8f1dd547f382dd9cdc86c25c01dc87cff5de914,2025-03-30 20:04:12.880
Comoros,117,31cd1881154af9c2cc925f1253248983ecceb645f49a610595f8d3fad82fd39a,2025-03-30 20:04:13.448
Congo,409,09f5a86c5c4923feba314f89585cd0f70d708d5440bdd52faf018ba734de3090,2025-03-30 20:04:14.293
Cook Islands,410,9dd9cbcd6f445f39f40f016f188aad218336007bdfa3f33b93c9a4513027e2a9,2025-03-30 20:04:14.867
Costa Rica,307,866792fdc52263f0e09900346f4de8df82f9d6969ff1f6d0a255a5d88aff9514,2025-03-30 20:04:15.591
Croatia,118,30a135c2c85dbb27e4d89d3b7b2fbcd065f22c2567ed403c8b04785b850fdd1c,2025-03-30 20:04:16.271
Cuba,411,fce6f1443cd3824144e60e15f561ee776035227072db9a2cb82605bc2e3e5a3d,2025-03-30 20:04:17.027
